"Pressure","Points:0","Points:1","Points:2"
0.49611,-4.2,0,0
0.49611,-4.2,0.0043075,0
0.49611,-4.2,0.008615,0
0.49612,-4.2,0.012922,0
0.49612,-4.2,0.01723,0
0.49612,-4.2,0.021537,0
0.49612,-4.2,0.025845,0
0.49612,-4.2,0.030152,0
0.49612,-4.2,0.03446,0
0.49612,-4.2,0.038767,0
0.49612,-4.2,0.043075,0
0.49612,-4.2,0.047382,0
0.49612,-4.2,0.05169,0
0.49612,-4.2,0.055997,0
0.49612,-4.2,0.060305,0
0.49612,-4.2,0.064612,0
0.49612,-4.2,0.06892,0
0.49612,-4.2,0.073227,0
0.49612,-4.2,0.077535,0
0.49612,-4.2,0.081842,0
0.49612,-4.2,0.08615,0
0.49612,-4.2,0.090457,0
0.49612,-4.2,0.094765,0
0.49612,-4.2,0.099072,0
0.49612,-4.2,0.10338,0
0.49612,-4.2,0.10769,0
0.49612,-4.2,0.11199,0
0.49612,-4.2,0.1163,0
0.49612,-4.2,0.12061,0
0.49613,-4.2,0.12492,0
0.49613,-4.2,0.12922,0
0.49613,-4.2,0.13353,0
0.49613,-4.2,0.13784,0
0.49613,-4.2,0.14215,0
0.49613,-4.2,0.14645,0
0.49613,-4.2,0.15076,0
0.49613,-4.2,0.15507,0
0.49613,-4.2,0.15938,0
0.49613,-4.2,0.16368,0
0.49613,-4.2,0.16799,0
0.49613,-4.2,0.1723,0
0.49613,-4.2,0.17661,0
0.49613,-4.2,0.18091,0
0.49613,-4.2,0.18522,0
0.49613,-4.2,0.18953,0
0.49613,-4.2,0.19384,0
0.49613,-4.2,0.19814,0
0.49613,-4.2,0.20245,0
0.49613,-4.2,0.20676,0
0.49613,-4.2,0.21107,0
0.49613,-4.2,0.21537,0
0.49613,-4.2,0.21968,0
0.49613,-4.2,0.22399,0
0.49613,-4.2,0.2283,0
0.49613,-4.2,0.2326,0
0.49613,-4.2,0.23691,0
0.49613,-4.2,0.24122,0
0.49613,-4.2,0.24553,0
0.49613,-4.2,0.24983,0
0.49613,-4.2,0.25414,0
0.49613,-4.2,0.25845,0
0.49613,-4.2,0.26276,0
0.49613,-4.2,0.26706,0
0.49613,-4.2,0.27137,0
0.49613,-4.2,0.27568,0
0.49613,-4.2,0.27999,0
0.49613,-4.2,0.28429,0
0.49613,-4.2,0.2886,0
0.49613,-4.2,0.29291,0
0.49613,-4.2,0.29722,0
0.49613,-4.2,0.30152,0
0.49613,-4.2,0.30583,0
0.49613,-4.2,0.31014,0
0.49613,-4.2,0.31445,0
0.49613,-4.2,0.31875,0
0.49613,-4.2,0.32306,0
0.49613,-4.2,0.32737,0
0.49613,-4.2,0.33168,0
0.49613,-4.2,0.33598,0
0.49613,-4.2,0.34029,0
0.49613,-4.2,0.3446,0
0.49613,-4.2,0.34891,0
0.49613,-4.2,0.35321,0
0.49613,-4.2,0.35752,0
0.49613,-4.2,0.36183,0
0.49614,-4.2,0.36614,0
0.49614,-4.2,0.37044,0
0.49614,-4.2,0.37475,0
0.49614,-4.2,0.37906,0
0.49614,-4.2,0.38337,0
0.49614,-4.2,0.38767,0
0.49614,-4.2,0.39198,0
0.49614,-4.2,0.39629,0
0.49614,-4.2,0.4006,0
0.49614,-4.2,0.4049,0
0.49614,-4.2,0.40921,0
0.49614,-4.2,0.41352,0
0.49614,-4.2,0.41783,0
0.49614,-4.2,0.42213,0
0.49614,-4.2,0.42644,0
0.49614,-4.2,0.43075,0
0.49614,-4.2,0.43506,0
0.49614,-4.2,0.43936,0
0.49614,-4.2,0.44367,0
0.49614,-4.2,0.44798,0
0.49614,-4.2,0.45229,0
0.49614,-4.2,0.45659,0
0.49614,-4.2,0.4609,0
0.49614,-4.2,0.46521,0
0.49614,-4.2,0.46952,0
0.49614,-4.2,0.47382,0
0.49614,-4.2,0.47813,0
0.49614,-4.2,0.48244,0
0.49614,-4.2,0.48675,0
0.49614,-4.2,0.49105,0
0.49614,-4.2,0.49536,0
0.49614,-4.2,0.49967,0
0.49614,-4.2,0.50398,0
0.49614,-4.2,0.50828,0
0.49614,-4.2,0.51259,0
0.49614,-4.2,0.5169,0
0.49614,-4.2,0.52121,0
0.49614,-4.2,0.52551,0
0.49614,-4.2,0.52982,0
0.49614,-4.2,0.53413,0
0.49614,-4.2,0.53844,0
0.49614,-4.2,0.54274,0
0.49614,-4.2,0.54705,0
0.49614,-4.2,0.55136,0
0.49614,-4.2,0.55567,0
0.49614,-4.2,0.55997,0
0.49614,-4.2,0.56428,0
0.49614,-4.2,0.56859,0
0.49614,-4.2,0.5729,0
0.49614,-4.2,0.5772,0
0.49614,-4.2,0.58151,0
0.49614,-4.2,0.58582,0
0.49614,-4.2,0.59013,0
0.49614,-4.2,0.59443,0
0.49614,-4.2,0.59874,0
0.49614,-4.2,0.60305,0
0.49614,-4.2,0.60736,0
0.49614,-4.2,0.61166,0
0.49614,-4.2,0.61597,0
0.49614,-4.2,0.62028,0
0.49614,-4.2,0.62459,0
0.49614,-4.2,0.62889,0
0.49614,-4.2,0.6332,0
0.49614,-4.2,0.63751,0
0.49614,-4.2,0.64182,0
0.49614,-4.2,0.64612,0
0.49614,-4.2,0.65043,0
0.49614,-4.2,0.65474,0
0.49614,-4.2,0.65905,0
0.49614,-4.2,0.66335,0
0.49614,-4.2,0.66766,0
0.49614,-4.2,0.67197,0
0.49614,-4.2,0.67628,0
0.49613,-4.2,0.68058,0
0.49613,-4.2,0.68489,0
0.49613,-4.2,0.6892,0
0.49613,-4.2,0.69351,0
0.49613,-4.2,0.69781,0
0.49613,-4.2,0.70212,0
0.49613,-4.2,0.70643,0
0.49613,-4.2,0.71074,0
0.49613,-4.2,0.71504,0
0.49613,-4.2,0.71935,0
0.49613,-4.2,0.72366,0
0.49613,-4.2,0.72797,0
0.49613,-4.2,0.73227,0
0.49613,-4.2,0.73658,0
0.49613,-4.2,0.74089,0
0.49613,-4.2,0.7452,0
0.49613,-4.2,0.7495,0
0.49613,-4.2,0.75381,0
0.49613,-4.2,0.75812,0
0.49613,-4.2,0.76242,0
0.49613,-4.2,0.76673,0
0.49613,-4.2,0.77104,0
0.49613,-4.2,0.77535,0
0.49613,-4.2,0.77965,0
0.49613,-4.2,0.78396,0
0.49613,-4.2,0.78827,0
0.49613,-4.2,0.79258,0
0.49613,-4.2,0.79688,0
0.49613,-4.2,0.80119,0
0.49613,-4.2,0.8055,0
0.49613,-4.2,0.80981,0
0.49613,-4.2,0.81411,0
0.49613,-4.2,0.81842,0
0.49613,-4.2,0.82273,0
0.49613,-4.2,0.82704,0
0.49613,-4.2,0.83134,0
0.49613,-4.2,0.83565,0
0.49613,-4.2,0.83996,0
0.49614,-4.2,0.84427,0
0.49614,-4.2,0.84857,0
0.49614,-4.2,0.85288,0
0.49614,-4.2,0.85719,0
0.49614,-4.2,0.8615,0
0.49614,-4.2,0.8658,0
0.49614,-4.2,0.87011,0
0.49614,-4.2,0.87442,0
0.49614,-4.2,0.87873,0
0.49614,-4.2,0.88303,0
0.49614,-4.2,0.88734,0
0.49614,-4.2,0.89165,0
0.49614,-4.2,0.89596,0
0.49614,-4.2,0.90026,0
0.49614,-4.2,0.90457,0
0.49614,-4.2,0.90888,0
0.49614,-4.2,0.91319,0
0.49614,-4.2,0.91749,0
0.49614,-4.2,0.9218,0
0.49614,-4.2,0.92611,0
0.49614,-4.2,0.93042,0
0.49614,-4.2,0.93472,0
0.49614,-4.2,0.93903,0
0.49614,-4.2,0.94334,0
0.49614,-4.2,0.94765,0
0.49614,-4.2,0.95195,0
0.49614,-4.2,0.95626,0
0.49614,-4.2,0.96057,0
0.49614,-4.2,0.96488,0
0.49614,-4.2,0.96918,0
0.49614,-4.2,0.97349,0
0.49614,-4.2,0.9778,0
0.49614,-4.2,0.98211,0
0.49614,-4.2,0.98641,0
0.49614,-4.2,0.99072,0
0.49614,-4.2,0.99503,0
0.49614,-4.2,0.99934,0
0.49614,-4.2,1.0036,0
0.49614,-4.2,1.008,0
0.49614,-4.2,1.0123,0
0.49614,-4.2,1.0166,0
0.49614,-4.2,1.0209,0
0.49614,-4.2,1.0252,0
0.49614,-4.2,1.0295,0
0.49614,-4.2,1.0338,0
0.49614,-4.2,1.0381,0
0.49614,-4.2,1.0424,0
0.49614,-4.2,1.0467,0
0.49614,-4.2,1.051,0
0.49614,-4.2,1.0553,0
0.49614,-4.2,1.0596,0
0.49614,-4.2,1.0639,0
0.49614,-4.2,1.0683,0
0.49614,-4.2,1.0726,0
0.49614,-4.2,1.0769,0
0.49614,-4.2,1.0812,0
0.49614,-4.2,1.0855,0
0.49614,-4.2,1.0898,0
0.49614,-4.2,1.0941,0
0.49614,-4.2,1.0984,0
0.49614,-4.2,1.1027,0
0.49614,-4.2,1.107,0
0.49614,-4.2,1.1113,0
0.49614,-4.2,1.1156,0
0.49614,-4.2,1.1199,0
0.49614,-4.2,1.1243,0
0.49614,-4.2,1.1286,0
0.49614,-4.2,1.1329,0
0.49614,-4.2,1.1372,0
0.49614,-4.2,1.1415,0
0.49614,-4.2,1.1458,0
0.49614,-4.2,1.1501,0
0.49614,-4.2,1.1544,0
0.49614,-4.2,1.1587,0
0.49614,-4.2,1.163,0
0.49614,-4.2,1.1673,0
0.49614,-4.2,1.1716,0
0.49614,-4.2,1.1759,0
0.49614,-4.2,1.1803,0
0.49614,-4.2,1.1846,0
0.49614,-4.2,1.1889,0
0.49614,-4.2,1.1932,0
0.49614,-4.2,1.1975,0
0.49614,-4.2,1.2018,0
0.49614,-4.2,1.2061,0
0.49614,-4.2,1.2104,0
0.49614,-4.2,1.2147,0
0.49614,-4.2,1.219,0
0.49614,-4.2,1.2233,0
0.49614,-4.2,1.2276,0
0.49614,-4.2,1.2319,0
0.49614,-4.2,1.2362,0
0.49614,-4.2,1.2406,0
0.49614,-4.2,1.2449,0
0.49614,-4.2,1.2492,0
0.49614,-4.2,1.2535,0
0.49614,-4.2,1.2578,0
0.49614,-4.2,1.2621,0
0.49614,-4.2,1.2664,0
0.49614,-4.2,1.2707,0
0.49614,-4.2,1.275,0
0.49614,-4.2,1.2793,0
0.49614,-4.2,1.2836,0
0.49614,-4.2,1.2879,0
0.49614,-4.2,1.2922,0
0.49614,-4.2,1.2966,0
0.49614,-4.2,1.3009,0
0.49614,-4.2,1.3052,0
0.49614,-4.2,1.3095,0
0.49614,-4.2,1.3138,0
0.49614,-4.2,1.3181,0
0.49614,-4.2,1.3224,0
0.49614,-4.2,1.3267,0
0.49614,-4.2,1.331,0
0.49614,-4.2,1.3353,0
0.49614,-4.2,1.3396,0
0.49614,-4.2,1.3439,0
0.49614,-4.2,1.3482,0
0.49614,-4.2,1.3526,0
0.49614,-4.2,1.3569,0
0.49614,-4.2,1.3612,0
0.49614,-4.2,1.3655,0
0.49614,-4.2,1.3698,0
0.49614,-4.2,1.3741,0
0.49614,-4.2,1.3784,0
0.49614,-4.2,1.3827,0
0.49614,-4.2,1.387,0
0.49614,-4.2,1.3913,0
0.49614,-4.2,1.3956,0
0.49614,-4.2,1.3999,0
0.49614,-4.2,1.4042,0
0.49614,-4.2,1.4085,0
0.49614,-4.2,1.4129,0
0.49614,-4.2,1.4172,0
0.49614,-4.2,1.4215,0
0.49614,-4.2,1.4258,0
0.49614,-4.2,1.4301,0
0.49614,-4.2,1.4344,0
0.49614,-4.2,1.4387,0
0.49614,-4.2,1.443,0
0.49614,-4.2,1.4473,0
0.49614,-4.2,1.4516,0
0.49614,-4.2,1.4559,0
0.49614,-4.2,1.4602,0
0.49614,-4.2,1.4645,0
0.49614,-4.2,1.4689,0
0.49614,-4.2,1.4732,0
0.49614,-4.2,1.4775,0
0.49614,-4.2,1.4818,0
0.49614,-4.2,1.4861,0
0.49614,-4.2,1.4904,0
0.49614,-4.2,1.4947,0
0.49614,-4.2,1.499,0
0.49614,-4.2,1.5033,0
0.49614,-4.2,1.5076,0
0.49614,-4.2,1.5119,0
0.49614,-4.2,1.5162,0
0.49614,-4.2,1.5205,0
0.49614,-4.2,1.5248,0
0.49614,-4.2,1.5292,0
0.49614,-4.2,1.5335,0
0.49614,-4.2,1.5378,0
0.49614,-4.2,1.5421,0
0.49614,-4.2,1.5464,0
0.49614,-4.2,1.5507,0
0.49614,-4.2,1.555,0
0.49614,-4.2,1.5593,0
0.49614,-4.2,1.5636,0
0.49614,-4.2,1.5679,0
0.49614,-4.2,1.5722,0
0.49614,-4.2,1.5765,0
0.49614,-4.2,1.5808,0
0.49614,-4.2,1.5852,0
0.49614,-4.2,1.5895,0
0.49614,-4.2,1.5938,0
0.49614,-4.2,1.5981,0
0.49614,-4.2,1.6024,0
0.49614,-4.2,1.6067,0
0.49614,-4.2,1.611,0
0.49614,-4.2,1.6153,0
0.49614,-4.2,1.6196,0
0.49614,-4.2,1.6239,0
0.49614,-4.2,1.6282,0
0.49614,-4.2,1.6325,0
0.49614,-4.2,1.6368,0
0.49614,-4.2,1.6412,0
0.49614,-4.2,1.6455,0
0.49614,-4.2,1.6498,0
0.49614,-4.2,1.6541,0
0.49614,-4.2,1.6584,0
0.49614,-4.2,1.6627,0
0.49614,-4.2,1.667,0
0.49614,-4.2,1.6713,0
0.49614,-4.2,1.6756,0
0.49614,-4.2,1.6799,0
0.49614,-4.2,1.6842,0
0.49614,-4.2,1.6885,0
0.49614,-4.2,1.6928,0
0.49614,-4.2,1.6971,0
0.49614,-4.2,1.7015,0
0.49614,-4.2,1.7058,0
0.49614,-4.2,1.7101,0
0.49614,-4.2,1.7144,0
0.49614,-4.2,1.7187,0
0.49614,-4.2,1.723,0
0.49614,-4.2,1.7273,0
0.49614,-4.2,1.7316,0
0.49614,-4.2,1.7359,0
0.49614,-4.2,1.7402,0
0.49614,-4.2,1.7445,0
0.49614,-4.2,1.7488,0
0.49614,-4.2,1.7531,0
0.49614,-4.2,1.7575,0
0.49614,-4.2,1.7618,0
0.49614,-4.2,1.7661,0
0.49614,-4.2,1.7704,0
0.49614,-4.2,1.7747,0
0.49614,-4.2,1.779,0
0.49614,-4.2,1.7833,0
0.49614,-4.2,1.7876,0
0.49614,-4.2,1.7919,0
0.49614,-4.2,1.7962,0
0.49614,-4.2,1.8005,0
0.49614,-4.2,1.8048,0
0.49614,-4.2,1.8091,0
0.49614,-4.2,1.8135,0
0.49614,-4.2,1.8178,0
0.49614,-4.2,1.8221,0
0.49614,-4.2,1.8264,0
0.49614,-4.2,1.8307,0
0.49614,-4.2,1.835,0
0.49614,-4.2,1.8393,0
0.49614,-4.2,1.8436,0
0.49614,-4.2,1.8479,0
0.49614,-4.2,1.8522,0
0.49614,-4.2,1.8565,0
0.49613,-4.2,1.8608,0
0.49613,-4.2,1.8651,0
0.49613,-4.2,1.8694,0
0.49613,-4.2,1.8738,0
0.49613,-4.2,1.8781,0
0.49613,-4.2,1.8824,0
0.49613,-4.2,1.8867,0
0.49613,-4.2,1.891,0
0.49613,-4.2,1.8953,0
0.49613,-4.2,1.8996,0
0.49613,-4.2,1.9039,0
0.49613,-4.2,1.9082,0
0.49613,-4.2,1.9125,0
0.49613,-4.2,1.9168,0
0.49613,-4.2,1.9211,0
0.49613,-4.2,1.9254,0
0.49613,-4.2,1.9298,0
0.49613,-4.2,1.9341,0
0.49613,-4.2,1.9384,0
0.49613,-4.2,1.9427,0
0.49613,-4.2,1.947,0
0.49613,-4.2,1.9513,0
0.49613,-4.2,1.9556,0
0.49613,-4.2,1.9599,0
0.49613,-4.2,1.9642,0
0.49613,-4.2,1.9685,0
0.49613,-4.2,1.9728,0
0.49613,-4.2,1.9771,0
0.49613,-4.2,1.9814,0
0.49613,-4.2,1.9858,0
0.49613,-4.2,1.9901,0
0.49613,-4.2,1.9944,0
0.49613,-4.2,1.9987,0
0.49613,-4.2,2.003,0
0.49613,-4.2,2.0073,0
0.49613,-4.2,2.0116,0
0.49613,-4.2,2.0159,0
0.49613,-4.2,2.0202,0
0.49613,-4.2,2.0245,0
0.49613,-4.2,2.0288,0
0.49613,-4.2,2.0331,0
0.49613,-4.2,2.0374,0
0.49613,-4.2,2.0417,0
0.49613,-4.2,2.0461,0
0.49613,-4.2,2.0504,0
0.49613,-4.2,2.0547,0
0.49613,-4.2,2.059,0
0.49614,-4.2,2.0633,0
0.49614,-4.2,2.0676,0
0.49614,-4.2,2.0719,0
0.49614,-4.2,2.0762,0
0.49614,-4.2,2.0805,0
0.49614,-4.2,2.0848,0
0.49614,-4.2,2.0891,0
0.49614,-4.2,2.0934,0
0.49614,-4.2,2.0977,0
0.49614,-4.2,2.1021,0
0.49614,-4.2,2.1064,0
0.49614,-4.2,2.1107,0
0.49614,-4.2,2.115,0
0.49614,-4.2,2.1193,0
0.49614,-4.2,2.1236,0
0.49614,-4.2,2.1279,0
0.49614,-4.2,2.1322,0
0.49614,-4.2,2.1365,0
0.49614,-4.2,2.1408,0
0.49614,-4.2,2.1451,0
0.49614,-4.2,2.1494,0
0.49614,-4.2,2.1537,0
0.49614,-4.2,2.1581,0
0.49614,-4.2,2.1624,0
0.49614,-4.2,2.1667,0
0.49614,-4.2,2.171,0
0.49614,-4.2,2.1753,0
0.49614,-4.2,2.1796,0
0.49614,-4.2,2.1839,0
0.49614,-4.2,2.1882,0
0.49614,-4.2,2.1925,0
0.49614,-4.2,2.1968,0
0.49614,-4.2,2.2011,0
0.49614,-4.2,2.2054,0
0.49614,-4.2,2.2097,0
0.49614,-4.2,2.214,0
0.49614,-4.2,2.2184,0
0.49614,-4.2,2.2227,0
0.49614,-4.2,2.227,0
0.49614,-4.2,2.2313,0
0.49614,-4.2,2.2356,0
0.49614,-4.2,2.2399,0
0.49614,-4.2,2.2442,0
0.49614,-4.2,2.2485,0
0.49614,-4.2,2.2528,0
0.49614,-4.2,2.2571,0
0.49614,-4.2,2.2614,0
0.49614,-4.2,2.2657,0
0.49614,-4.2,2.27,0
0.49614,-4.2,2.2744,0
0.49614,-4.2,2.2787,0
0.49614,-4.2,2.283,0
0.49614,-4.2,2.2873,0
0.49614,-4.2,2.2916,0
0.49614,-4.2,2.2959,0
0.49614,-4.2,2.3002,0
0.49614,-4.2,2.3045,0
0.49614,-4.2,2.3088,0
0.49614,-4.2,2.3131,0
0.49614,-4.2,2.3174,0
0.49614,-4.2,2.3217,0
0.49614,-4.2,2.326,0
0.49614,-4.2,2.3303,0
0.49614,-4.2,2.3347,0
0.49614,-4.2,2.339,0
0.49614,-4.2,2.3433,0
0.49614,-4.2,2.3476,0
0.49614,-4.2,2.3519,0
0.49614,-4.2,2.3562,0
0.49614,-4.2,2.3605,0
0.49614,-4.2,2.3648,0
0.49614,-4.2,2.3691,0
0.49614,-4.2,2.3734,0
0.49614,-4.2,2.3777,0
0.49614,-4.2,2.382,0
0.49614,-4.2,2.3863,0
0.49614,-4.2,2.3907,0
0.49614,-4.2,2.395,0
0.49614,-4.2,2.3993,0
0.49614,-4.2,2.4036,0
0.49614,-4.2,2.4079,0
0.49614,-4.2,2.4122,0
0.49614,-4.2,2.4165,0
0.49614,-4.2,2.4208,0
0.49614,-4.2,2.4251,0
0.49614,-4.2,2.4294,0
0.49614,-4.2,2.4337,0
0.49614,-4.2,2.438,0
0.49614,-4.2,2.4423,0
0.49614,-4.2,2.4467,0
0.49614,-4.2,2.451,0
0.49614,-4.2,2.4553,0
0.49614,-4.2,2.4596,0
0.49614,-4.2,2.4639,0
0.49614,-4.2,2.4682,0
0.49614,-4.2,2.4725,0
0.49614,-4.2,2.4768,0
0.49614,-4.2,2.4811,0
0.49614,-4.2,2.4854,0
0.49614,-4.2,2.4897,0
0.49614,-4.2,2.494,0
0.49614,-4.2,2.4983,0
0.49614,-4.2,2.5026,0
0.49614,-4.2,2.507,0
0.49614,-4.2,2.5113,0
0.49614,-4.2,2.5156,0
0.49614,-4.2,2.5199,0
0.49614,-4.2,2.5242,0
0.49614,-4.2,2.5285,0
0.49614,-4.2,2.5328,0
0.49614,-4.2,2.5371,0
0.49614,-4.2,2.5414,0
0.49614,-4.2,2.5457,0
0.49614,-4.2,2.55,0
0.49614,-4.2,2.5543,0
0.49614,-4.2,2.5586,0
0.49614,-4.2,2.563,0
0.49614,-4.2,2.5673,0
0.49614,-4.2,2.5716,0
0.49614,-4.2,2.5759,0
0.49614,-4.2,2.5802,0
0.49614,-4.2,2.5845,0
0.49614,-4.2,2.5888,0
0.49614,-4.2,2.5931,0
0.49614,-4.2,2.5974,0
0.49614,-4.2,2.6017,0
0.49614,-4.2,2.606,0
0.49614,-4.2,2.6103,0
0.49614,-4.2,2.6146,0
0.49614,-4.2,2.619,0
0.49614,-4.2,2.6233,0
0.49614,-4.2,2.6276,0
0.49614,-4.2,2.6319,0
0.49614,-4.2,2.6362,0
0.49614,-4.2,2.6405,0
0.49614,-4.2,2.6448,0
0.49614,-4.2,2.6491,0
0.49614,-4.2,2.6534,0
0.49614,-4.2,2.6577,0
0.49614,-4.2,2.662,0
0.49614,-4.2,2.6663,0
0.49614,-4.2,2.6706,0
0.49614,-4.2,2.6749,0
0.49614,-4.2,2.6793,0
0.49614,-4.2,2.6836,0
0.49614,-4.2,2.6879,0
0.49614,-4.2,2.6922,0
0.49614,-4.2,2.6965,0
0.49614,-4.2,2.7008,0
0.49614,-4.2,2.7051,0
0.49614,-4.2,2.7094,0
0.49614,-4.2,2.7137,0
0.49614,-4.2,2.718,0
0.49614,-4.2,2.7223,0
0.49614,-4.2,2.7266,0
0.49614,-4.2,2.7309,0
0.49614,-4.2,2.7353,0
0.49614,-4.2,2.7396,0
0.49614,-4.2,2.7439,0
0.49614,-4.2,2.7482,0
0.49614,-4.2,2.7525,0
0.49614,-4.2,2.7568,0
0.49614,-4.2,2.7611,0
0.49614,-4.2,2.7654,0
0.49614,-4.2,2.7697,0
0.49614,-4.2,2.774,0
0.49614,-4.2,2.7783,0
0.49614,-4.2,2.7826,0
0.49614,-4.2,2.7869,0
0.49614,-4.2,2.7913,0
0.49614,-4.2,2.7956,0
0.49614,-4.2,2.7999,0
0.49614,-4.2,2.8042,0
0.49614,-4.2,2.8085,0
0.49614,-4.2,2.8128,0
0.49614,-4.2,2.8171,0
0.49614,-4.2,2.8214,0
0.49614,-4.2,2.8257,0
0.49614,-4.2,2.83,0
0.49614,-4.2,2.8343,0
0.49614,-4.2,2.8386,0
0.49614,-4.2,2.8429,0
0.49614,-4.2,2.8472,0
0.49614,-4.2,2.8516,0
0.49614,-4.2,2.8559,0
0.49614,-4.2,2.8602,0
0.49614,-4.2,2.8645,0
0.49614,-4.2,2.8688,0
0.49614,-4.2,2.8731,0
0.49614,-4.2,2.8774,0
0.49614,-4.2,2.8817,0
0.49614,-4.2,2.886,0
0.49614,-4.2,2.8903,0
0.49614,-4.2,2.8946,0
0.49614,-4.2,2.8989,0
0.49614,-4.2,2.9032,0
0.49614,-4.2,2.9076,0
0.49614,-4.2,2.9119,0
0.49614,-4.2,2.9162,0
0.49614,-4.2,2.9205,0
0.49614,-4.2,2.9248,0
0.49614,-4.2,2.9291,0
0.49614,-4.2,2.9334,0
0.49614,-4.2,2.9377,0
0.49614,-4.2,2.942,0
0.49614,-4.2,2.9463,0
0.49614,-4.2,2.9506,0
0.49614,-4.2,2.9549,0
0.49614,-4.2,2.9592,0
0.49614,-4.2,2.9636,0
0.49614,-4.2,2.9679,0
0.49614,-4.2,2.9722,0
0.49614,-4.2,2.9765,0
0.49614,-4.2,2.9808,0
0.49614,-4.2,2.9851,0
0.49614,-4.2,2.9894,0
0.49614,-4.2,2.9937,0
0.49614,-4.2,2.998,0
0.49614,-4.2,3.0023,0
0.49614,-4.2,3.0066,0
0.49614,-4.2,3.0109,0
0.49614,-4.2,3.0152,0
0.49614,-4.2,3.0195,0
0.49614,-4.2,3.0239,0
0.49614,-4.2,3.0282,0
0.49614,-4.2,3.0325,0
0.49614,-4.2,3.0368,0
0.49614,-4.2,3.0411,0
0.49614,-4.2,3.0454,0
0.49614,-4.2,3.0497,0
0.49614,-4.2,3.054,0
0.49614,-4.2,3.0583,0
0.49614,-4.2,3.0626,0
0.49614,-4.2,3.0669,0
0.49614,-4.2,3.0712,0
0.49614,-4.2,3.0755,0
0.49614,-4.2,3.0799,0
0.49614,-4.2,3.0842,0
0.49614,-4.2,3.0885,0
0.49614,-4.2,3.0928,0
0.49614,-4.2,3.0971,0
0.49614,-4.2,3.1014,0
0.49614,-4.2,3.1057,0
0.49614,-4.2,3.11,0
0.49614,-4.2,3.1143,0
0.49614,-4.2,3.1186,0
0.49614,-4.2,3.1229,0
0.49614,-4.2,3.1272,0
0.49614,-4.2,3.1315,0
0.49614,-4.2,3.1358,0
0.49614,-4.2,3.1402,0
0.49614,-4.2,3.1445,0
0.49614,-4.2,3.1488,0
0.49614,-4.2,3.1531,0
0.49614,-4.2,3.1574,0
0.49614,-4.2,3.1617,0
0.49614,-4.2,3.166,0
0.49614,-4.2,3.1703,0
0.49614,-4.2,3.1746,0
0.49614,-4.2,3.1789,0
0.49614,-4.2,3.1832,0
0.49614,-4.2,3.1875,0
0.49614,-4.2,3.1918,0
0.49614,-4.2,3.1962,0
0.49614,-4.2,3.2005,0
0.49614,-4.2,3.2048,0
0.49614,-4.2,3.2091,0
0.49614,-4.2,3.2134,0
0.49614,-4.2,3.2177,0
0.49614,-4.2,3.222,0
0.49614,-4.2,3.2263,0
0.49614,-4.2,3.2306,0
0.49614,-4.2,3.2349,0
0.49614,-4.2,3.2392,0
0.49614,-4.2,3.2435,0
0.49614,-4.2,3.2478,0
0.49614,-4.2,3.2522,0
0.49614,-4.2,3.2565,0
0.49614,-4.2,3.2608,0
0.49614,-4.2,3.2651,0
0.49614,-4.2,3.2694,0
0.49614,-4.2,3.2737,0
0.49614,-4.2,3.278,0
0.49614,-4.2,3.2823,0
0.49614,-4.2,3.2866,0
0.49614,-4.2,3.2909,0
0.49614,-4.2,3.2952,0
0.49614,-4.2,3.2995,0
0.49614,-4.2,3.3038,0
0.49614,-4.2,3.3081,0
0.49614,-4.2,3.3125,0
0.49614,-4.2,3.3168,0
0.49614,-4.2,3.3211,0
0.49614,-4.2,3.3254,0
0.49614,-4.2,3.3297,0
0.49614,-4.2,3.334,0
0.49614,-4.2,3.3383,0
0.49614,-4.2,3.3426,0
0.49614,-4.2,3.3469,0
0.49614,-4.2,3.3512,0
0.49614,-4.2,3.3555,0
0.49613,-4.2,3.3598,0
0.49613,-4.2,3.3641,0
0.49613,-4.2,3.3685,0
0.49613,-4.2,3.3728,0
0.49613,-4.2,3.3771,0
0.49613,-4.2,3.3814,0
0.49613,-4.2,3.3857,0
0.49613,-4.2,3.39,0
0.49613,-4.2,3.3943,0
0.49613,-4.2,3.3986,0
0.49613,-4.2,3.4029,0
0.49613,-4.2,3.4072,0
0.49613,-4.2,3.4115,0
0.49613,-4.2,3.4158,0
0.49613,-4.2,3.4201,0
0.49613,-4.2,3.4245,0
0.49613,-4.2,3.4288,0
0.49613,-4.2,3.4331,0
0.49613,-4.2,3.4374,0
0.49613,-4.2,3.4417,0
0.49613,-4.2,3.446,0
0.49613,-4.2,3.4503,0
0.49613,-4.2,3.4546,0
0.49613,-4.2,3.4589,0
0.49613,-4.2,3.4632,0
0.49613,-4.2,3.4675,0
0.49613,-4.2,3.4718,0
0.49613,-4.2,3.4761,0
0.49613,-4.2,3.4804,0
0.49613,-4.2,3.4848,0
0.49613,-4.2,3.4891,0
0.49613,-4.2,3.4934,0
0.49613,-4.2,3.4977,0
0.49613,-4.2,3.502,0
0.49613,-4.2,3.5063,0
0.49614,-4.2,3.5106,0
0.49614,-4.2,3.5149,0
0.49614,-4.2,3.5192,0
0.49614,-4.2,3.5235,0
0.49614,-4.2,3.5278,0
0.49614,-4.2,3.5321,0
0.49614,-4.2,3.5364,0
0.49614,-4.2,3.5408,0
0.49614,-4.2,3.5451,0
0.49614,-4.2,3.5494,0
0.49614,-4.2,3.5537,0
0.49614,-4.2,3.558,0
0.49614,-4.2,3.5623,0
0.49614,-4.2,3.5666,0
0.49614,-4.2,3.5709,0
0.49614,-4.2,3.5752,0
0.49614,-4.2,3.5795,0
0.49614,-4.2,3.5838,0
0.49614,-4.2,3.5881,0
0.49614,-4.2,3.5924,0
0.49614,-4.2,3.5968,0
0.49614,-4.2,3.6011,0
0.49614,-4.2,3.6054,0
0.49614,-4.2,3.6097,0
0.49614,-4.2,3.614,0
0.49614,-4.2,3.6183,0
0.49614,-4.2,3.6226,0
0.49614,-4.2,3.6269,0
0.49614,-4.2,3.6312,0
0.49614,-4.2,3.6355,0
0.49614,-4.2,3.6398,0
0.49614,-4.2,3.6441,0
0.49614,-4.2,3.6484,0
0.49614,-4.2,3.6527,0
0.49614,-4.2,3.6571,0
0.49614,-4.2,3.6614,0
0.49614,-4.2,3.6657,0
0.49614,-4.2,3.67,0
0.49614,-4.2,3.6743,0
0.49614,-4.2,3.6786,0
0.49614,-4.2,3.6829,0
0.49614,-4.2,3.6872,0
0.49614,-4.2,3.6915,0
0.49614,-4.2,3.6958,0
0.49614,-4.2,3.7001,0
0.49614,-4.2,3.7044,0
0.49614,-4.2,3.7087,0
0.49614,-4.2,3.7131,0
0.49614,-4.2,3.7174,0
0.49614,-4.2,3.7217,0
0.49614,-4.2,3.726,0
0.49614,-4.2,3.7303,0
0.49614,-4.2,3.7346,0
0.49614,-4.2,3.7389,0
0.49614,-4.2,3.7432,0
0.49614,-4.2,3.7475,0
0.49614,-4.2,3.7518,0
0.49614,-4.2,3.7561,0
0.49614,-4.2,3.7604,0
0.49614,-4.2,3.7647,0
0.49614,-4.2,3.769,0
0.49614,-4.2,3.7734,0
0.49614,-4.2,3.7777,0
0.49614,-4.2,3.782,0
0.49614,-4.2,3.7863,0
0.49614,-4.2,3.7906,0
0.49614,-4.2,3.7949,0
0.49614,-4.2,3.7992,0
0.49614,-4.2,3.8035,0
0.49613,-4.2,3.8078,0
0.49613,-4.2,3.8121,0
0.49613,-4.2,3.8164,0
0.49613,-4.2,3.8207,0
0.49613,-4.2,3.825,0
0.49613,-4.2,3.8294,0
0.49613,-4.2,3.8337,0
0.49613,-4.2,3.838,0
0.49613,-4.2,3.8423,0
0.49613,-4.2,3.8466,0
0.49613,-4.2,3.8509,0
0.49613,-4.2,3.8552,0
0.49613,-4.2,3.8595,0
0.49613,-4.2,3.8638,0
0.49613,-4.2,3.8681,0
0.49613,-4.2,3.8724,0
0.49613,-4.2,3.8767,0
0.49613,-4.2,3.881,0
0.49613,-4.2,3.8854,0
0.49613,-4.2,3.8897,0
0.49613,-4.2,3.894,0
0.49613,-4.2,3.8983,0
0.49613,-4.2,3.9026,0
0.49613,-4.2,3.9069,0
0.49613,-4.2,3.9112,0
0.49613,-4.2,3.9155,0
0.49613,-4.2,3.9198,0
0.49613,-4.2,3.9241,0
0.49613,-4.2,3.9284,0
0.49613,-4.2,3.9327,0
0.49613,-4.2,3.937,0
0.49613,-4.2,3.9413,0
0.49613,-4.2,3.9457,0
0.49613,-4.2,3.95,0
0.49613,-4.2,3.9543,0
0.49613,-4.2,3.9586,0
0.49613,-4.2,3.9629,0
0.49613,-4.2,3.9672,0
0.49613,-4.2,3.9715,0
0.49613,-4.2,3.9758,0
0.49613,-4.2,3.9801,0
0.49613,-4.2,3.9844,0
0.49613,-4.2,3.9887,0
0.49613,-4.2,3.993,0
0.49613,-4.2,3.9973,0
0.49613,-4.2,4.0017,0
0.49613,-4.2,4.006,0
0.49613,-4.2,4.0103,0
0.49613,-4.2,4.0146,0
0.49613,-4.2,4.0189,0
0.49613,-4.2,4.0232,0
0.49613,-4.2,4.0275,0
0.49613,-4.2,4.0318,0
0.49613,-4.2,4.0361,0
0.49613,-4.2,4.0404,0
0.49613,-4.2,4.0447,0
0.49613,-4.2,4.049,0
0.49613,-4.2,4.0533,0
0.49613,-4.2,4.0577,0
0.49613,-4.2,4.062,0
0.49613,-4.2,4.0663,0
0.49613,-4.2,4.0706,0
0.49613,-4.2,4.0749,0
0.49613,-4.2,4.0792,0
0.49613,-4.2,4.0835,0
0.49613,-4.2,4.0878,0
0.49613,-4.2,4.0921,0
0.49613,-4.2,4.0964,0
0.49613,-4.2,4.1007,0
0.49613,-4.2,4.105,0
0.49613,-4.2,4.1093,0
0.49613,-4.2,4.1136,0
0.49613,-4.2,4.118,0
0.49613,-4.2,4.1223,0
0.49613,-4.2,4.1266,0
0.49613,-4.2,4.1309,0
0.49613,-4.2,4.1352,0
0.49613,-4.2,4.1395,0
0.49613,-4.2,4.1438,0
0.49613,-4.2,4.1481,0
0.49613,-4.2,4.1524,0
0.49613,-4.2,4.1567,0
0.49613,-4.2,4.161,0
0.49613,-4.2,4.1653,0
0.49613,-4.2,4.1696,0
0.49613,-4.2,4.174,0
0.49613,-4.2,4.1783,0
0.49613,-4.2,4.1826,0
0.49613,-4.2,4.1869,0
0.49613,-4.2,4.1912,0
0.49613,-4.2,4.1955,0
0.49613,-4.2,4.1998,0
0.49613,-4.2,4.2041,0
0.49613,-4.2,4.2084,0
0.49613,-4.2,4.2127,0
0.49612,-4.2,4.217,0
0.49612,-4.2,4.2213,0
0.49612,-4.2,4.2256,0
0.49612,-4.2,4.23,0
0.49612,-4.2,4.2343,0
0.49612,-4.2,4.2386,0
0.49612,-4.2,4.2429,0
0.49612,-4.2,4.2472,0
0.49612,-4.2,4.2515,0
0.49612,-4.2,4.2558,0
0.49612,-4.2,4.2601,0
0.49612,-4.2,4.2644,0
0.49612,-4.2,4.2687,0
0.49612,-4.2,4.273,0
0.49612,-4.2,4.2773,0
0.49612,-4.2,4.2816,0
0.49612,-4.2,4.2859,0
0.49611,-4.2,4.2903,0
0.49611,-4.2,4.2946,0
0.49611,-4.2,4.2989,0
0.49611,-4.2,4.3032,0
0.49611,-4.2,4.3075,0
